Date,Rain,feed_temp,PET,P_minus_PET,SPEI
1980-01-31,0.0,22.77516129032258,72.22541244812825,-72.22541244812825,0.08725986845881706
1980-02-29,0.0,25.984482758620693,121.70540417855307,-121.70540417855307,-0.3147591425772133
1980-03-31,0.5231,28.785645161290322,182.51597684250967,-181.99287684250967,-0.804587642757067
1980-04-30,16.7174,32.253,286.29580989184393,-269.57840989184393,-1.5162096165316896
1980-05-31,0.0,33.75451612903226,342.79691471793495,-342.79691471793495,-2.1111012054407974
1980-06-30,181.799,28.2215,168.76264255745383,13.036357442546176,0.7800015446776913
1980-07-31,62.1097,26.725322580645162,136.03027948143915,-73.92057948143915,0.0734868391910396
1980-08-31,132.0571,25.424354838709675,111.64737202304568,20.409727976954315,0.839909297823541
1980-09-30,117.366,26.7655,136.84154467585776,-19.475544675857762,0.515846230995533
1980-10-31,0.0,27.33693548387097,148.77595583717002,-148.77595583717002,-0.534704134995334
1980-11-30,0.0,24.863166666666665,102.20667611451186,-102.20667611451186,-0.15633431066790865
1980-12-31,3.6471999999999998,21.896129032258063,61.80553049603057,-58.15833049603057,0.20155322576889412
1981-01-31,27.7472,21.26258064516129,57.598513223092326,-29.851313223092326,0.43154435332296415
1981-02-28,0.0,25.259821428571428,110.68985717810524,-110.68985717810524,-0.22525914154107884
1981-03-31,16.4334,27.73483870967742,157.7777851827245,-141.3443851827245,-0.47432351283958074
1981-04-30,0.0,31.964333333333336,270.26222790531097,-270.26222790531097,-1.5217655560516554
1981-05-31,18.054000000000002,32.839677419354835,299.4179821316523,-281.3639821316523,-1.6119659804808792
1981-06-30,130.1487,29.896333333333335,209.71819159492904,-79.56949159492905,0.02759010433167903
1981-07-31,165.5901,27.154032258064515,145.61036829794406,19.979731702055943,0.8364156295520176
1981-08-31,114.7814,25.99451612903226,123.40248054863497,-8.621080548634964,0.6040374529651392
1981-09-30,286.2918,26.131333333333334,125.88356543329276,160.40823456670728,1.9773804088206415
1981-10-31,50.1139,25.9941935483871,123.39667367513643,-73.28277367513643,0.07866893503454384
1981-11-30,11.0033,23.011333333333333,77.72756699515334,-66.72426699515334,0.13195601688623196
1981-12-31,0.2734,21.86,63.98011464404074,-63.70671464404074,0.15647326859785268
1982-01-31,0.0,23.331612903225807,80.39616220955064,-80.39616220955064,0.020873504523955776
1982-02-28,0.9274,25.688035714285714,116.95296924033539,-116.02556924033539,-0.26861116346778835
1982-03-31,0.0,28.325322580645164,171.13929914649333,-171.13929914649333,-0.7164036229349249
1982-04-30,8.3708,31.004166666666666,243.34789143719433,-234.97709143719433,-1.235078045179231
1982-05-31,10.019,31.556774193548385,260.68473849887386,-250.66573849887385,-1.3625464249354777
1982-06-30,65.3601,29.86866666666667,210.42860638005223,-145.0685063800522,-0.5045815518644218
1982-07-31,152.3374,27.434838709677418,151.11593243402976,1.2214675659702436,0.6840069784385049
1982-08-31,48.4994,26.733225806451614,136.60995121513568,-88.11055121513567,-0.04180498288705847
1982-09-30,192.685,26.6115,134.20277675955148,58.48222324044852,1.149243765316842
1982-10-31,36.506899999999995,26.39741935483871,130.045912577601,-93.539012577601,-0.08591058177792708
1982-11-30,16.0762,23.81383333333333,87.06521111777536,-70.98901111777536,0.09730548129521666
1982-12-31,0.0,22.29758064516129,67.38224150053102,-67.38224150053102,0.12661005277653695
1983-01-31,0.0,22.25483870967742,69.21157927588891,-69.21157927588891,0.1117469022872045
1983-02-28,0.0,24.649464285714284,101.47273860342719,-101.47273860342719,-0.15037115622810954
1983-03-31,0.0,28.64016129032258,177.9668343052785,-177.9668343052785,-0.7718765289795066
1983-04-30,0.0,31.3665,250.145313784227,-250.145313784227,-1.3583180364134886
1983-05-31,40.4818,33.245,311.0048448657777,-270.5230448657777,-1.5238846626408302
1983-06-30,107.3794,30.608999999999998,228.26666505863116,-120.88726505863116,-0.3081118601428742
1983-07-31,222.58630000000002,27.658709677419353,156.18576972430273,66.40053027569729,1.21357906231393
1983-08-31,410.2417,25.92790322580645,122.62176438022999,287.61993561977,3.0109602551591554
1983-09-30,341.9569,25.50883333333333,115.36443196750018,226.59246803249982,2.515119384790095
1983-10-31,131.5412,24.80306451612903,103.86044867484091,27.680751325159093,0.8989854923304165
1983-11-30,2.1329,21.673,62.676152033268394,-60.543252033268395,0.18217602370664457
1983-12-31,4.5282,20.865967741935485,54.374982984145475,-49.84678298414548,0.26908355457556665
1984-01-31,0.0,22.71225806451613,73.27316978093431,-73.27316978093431,0.07874696552554036
1984-02-29,4.0114,24.345,95.64265493021226,-91.63125493021226,-0.07041027921364737
1984-03-31,0.0,28.551612903225806,176.32148656001422,-176.32148656001422,-0.7585082754647273
1984-04-30,1.8682,31.623833333333334,260.9998195117264,-259.1316195117264,-1.4313306949668516
1984-05-31,0.0,34.08370967741936,347.9299312849689,-347.9299312849689,-2.1528063507276687
1984-06-30,81.5968,29.502166666666668,199.93592092528084,-118.33912092528084,-0.2874084940217182
1984-07-31,189.0622,26.458709677419357,131.65004592476407,57.41215407523592,1.1405495814155457
1984-08-31,54.5935,25.780806451612904,119.16839030372778,-64.57489030372778,0.14941944526630332
1984-09-30,146.0801,26.264666666666667,127.98308175406498,18.097018245935004,0.8211188080444958
1984-10-31,75.283,26.115322580645163,125.21268733719987,-49.929687337199866,0.2684099666290065
1984-11-30,8.3541,22.90266666666667,75.65884728919505,-67.30474728919505,0.12723968396912158
1984-12-31,14.9057,22.32451612903226,68.58752886268054,-53.68182886268055,0.23792426579140022
1985-01-31,6.4309,23.28483870967742,80.84209352745968,-74.41119352745969,0.06950065878389367
1985-02-28,0.0,24.780892857142856,102.56879157484909,-102.56879157484909,-0.15927645544510982
1985-03-31,19.3151,29.269516129032258,193.81386931764348,-174.49876931764348,-0.7436989160135689
1985-04-30,12.7363,31.2905,250.16643343630403,-237.43013343630403,-1.2550087178415212
1985-05-31,8.7889,32.78725806451613,299.08855780682774,-290.2996578068277,-1.684567275918523
1985-06-30,138.5953,28.3595,171.7711241443725,-33.175824144372484,0.40453309996558495
1985-07-31,112.4838,26.220000000000002,127.27099505174473,-14.787195051744732,0.5539385105889856
1985-08-31,55.8825,26.15048387096774,125.98595301033419,-70.10345301033419,0.10450053493443402
1985-09-30,119.625,27.06383333333333,143.65333038241087,-24.02833038241087,0.4788553920079424
1985-10-31,97.2206,25.010483870967743,106.2491240764889,-9.028524076488893,0.6007270230642355
1985-11-30,0.0,23.319333333333336,81.30085193655485,-81.30085193655485,0.013523008765464133
1985-12-31,0.2478,22.94645161290323,76.4424379288286,-76.1946379288286,0.05501038646569497
1986-01-31,31.413,21.74451612903226,61.34149930758359,-29.92849930758359,0.43091722562411605
1986-02-28,32.5185,24.754107142857144,101.43520038925247,-68.91670038925247,0.1141427579499712
1986-03-31,1.7386,28.96016129032258,186.47688471266912,-184.73828471266913,-0.8268937531312403
1986-04-30,12.2148,32.023833333333336,275.46957235734845,-263.25477235734843,-1.4648308183779097
1986-05-31,20.8452,32.86354838709677,304.5714796197358,-283.7262796197358,-1.6311593648514
1986-06-30,83.6576,28.673,179.40435657351532,-95.74675657351531,-0.10384823752156086
1986-07-31,80.9065,26.723709677419357,136.5201098931151,-55.6136098931151,0.22222877611499575
1986-08-31,172.6173,25.515645161290323,114.08977183842342,58.52752816157658,1.1496118623789067
1986-09-30,80.8704,27.101999999999997,144.1725082716206,-63.30210827162058,0.15976064695040823
1986-10-31,0.0,27.07193548387097,143.55296291185297,-143.55296291185297,-0.49226794256579826
1986-11-30,26.558699999999995,24.589,98.83525002589857,-72.27655002589859,0.08684438175958695
1986-12-31,13.684999999999999,22.201451612903227,66.4962377221037,-52.8112377221037,0.24499771461609407
1987-01-31,0.6492,22.990483870967743,76.61872969126968,-75.96952969126968,0.05683936395486969
1987-02-28,5.1005,24.28017857142857,94.52730212128913,-89.42680212128913,-0.0524993639704271
1987-03-31,0.0,27.991451612903226,163.4137216000737,-163.4137216000737,-0.653634229968676
1987-04-30,3.0688,31.900166666666667,270.2430147562079,-267.1742147562079,-1.4966758187891223
1987-05-31,21.2824,31.67096774193548,262.8467787558357,-241.56437875583572,-1.2885989662755464
1987-06-30,160.8146,30.4035,224.61571298359254,-63.80111298359253,0.15570629338660338
1987-07-31,116.4281,27.28516129032258,148.10686184398236,-31.678761843982358,0.41669655198758865
1987-08-31,260.6281,26.563387096774196,133.58804857035156,127.04005142964846,1.7062679143417676
1987-09-30,43.2456,27.963166666666666,162.7791550908562,-119.5335550908562,-0.2971131286669377
1987-10-31,137.0396,25.662419354838708,116.97567892210603,20.06392107789398,0.8370996581549031
1987-11-30,39.9674,23.498,83.33526225976195,-43.36786225976195,0.3217240100628688
1987-12-31,0.7377,20.92225806451613,53.30670811952245,-52.56900811952245,0.2469658011469874
1988-01-31,0.0,22.709032258064518,73.52248656514391,-73.52248656514391,0.07672129649211175
1988-02-29,0.0,25.731206896551726,118.47524736689371,-118.47524736689371,-0.28851450506818754
1988-03-31,0.0,28.628225806451614,178.05879034715716,-178.05879034715716,-0.7726236608144563
1988-04-30,0.0,31.541166666666665,257.7900573887158,-257.7900573887158,-1.4204306632757695
1988-05-31,0.0,33.98048387096774,342.6157846951019,-342.6157846951019,-2.1096295456829504
1988-06-30,194.346,29.508333333333333,199.88490919212327,-5.5389091921232705,0.6290797263620141
1988-07-31,283.6907,26.393870967741936,130.55606539865906,153.13463460134093,1.9182832796076983
1988-08-31,322.4068,26.153548387096773,126.07456072534553,196.33223927465446,2.269258647681831
1988-09-30,431.8606,26.156333333333336,126.12583412826905,305.73476587173093,3.158141082970429
1988-10-31,25.8617,25.25516129032258,110.32097381579622,-84.45927381579622,-0.012138791002914203
1988-11-30,5.1847,22.660500000000003,72.92427195243133,-67.73957195243132,0.12370678562021518
1988-12-31,8.3309,21.22741935483871,56.82342415580178,-48.49252415580178,0.2800867454779365
1989-01-31,0.0,22.343870967741935,72.00091246424589,-72.00091246424589,0.08908390395966574
1989-02-28,0.0,23.878214285714286,91.6276552397937,-91.6276552397937,-0.07038103215980805
1989-03-31,39.8947,26.951290322580647,142.1869841203026,-102.29228412030261,-0.15702986546937805
1989-04-30,0.0,31.107833333333335,239.30128178853542,-239.30128178853542,-1.270211574264054
1989-05-31,4.9742,33.170645161290324,302.10079114703865,-297.12659114703865,-1.7400352922592148
1989-06-30,184.4752,27.993833333333335,163.18677856094828,21.288421439051717,0.8470485770409021
1989-07-31,315.2547,26.14548387096774,127.3538185609206,187.9008814390794,2.200754874334097
1989-08-31,217.6534,25.552096774193547,117.17228095060854,100.48111904939147,1.4904797673296408
1989-09-30,160.3434,26.058666666666667,125.82563083753013,34.517769162469875,0.9545354440031303
1989-10-31,65.8024,25.808387096774194,121.49446746859768,-55.69206746859767,0.22159131770401555
1989-11-30,0.0,23.493833333333335,86.38645809884787,-86.38645809884787,-0.027796932656972067
1989-12-31,19.2372,21.071290322580648,58.19736333060109,-38.96016333060109,0.35753603634815706
1990-01-31,8.886,22.336290322580645,73.13900582860202,-64.25300582860203,0.15203471810351238
1990-02-28,0.0,24.520357142857144,101.8425430520484,-101.8425430520484,-0.1533757731148987
1990-03-31,0.0,27.436612903225804,151.7474136215594,-151.7474136215594,-0.5588468738689338
1990-04-30,0.0,31.635,251.51648893994414,-251.51648893994414,-1.3694586704512188
1990-05-31,137.8163,29.61741935483871,199.06690802579965,-61.250608025799636,0.1764288409238115
1990-06-30,250.726,26.577333333333335,135.54416192919,115.18183807080999,1.6099213499941594
1990-07-31,113.04520000000001,26.114677419354837,127.3548369383319,-14.309636938331892,0.5578186131062302
1990-08-31,340.45869999999996,25.39758064516129,115.37264596678479,225.0860540332152,2.502879951333786
1990-09-30,112.1932,26.257,129.83507896896901,-17.64187896896901,0.5307445454105861
1990-10-31,236.2692,24.904516129032256,107.61875388634776,128.65044611365227,1.7193521784169936
1990-11-30,2.8781999999999996,24.1255,96.14105796413594,-93.26285796413595,-0.08366685859375378
1990-12-31,0.0,22.177258064516128,71.30772686597048,-71.30772686597048,0.09471595398508528
1991-01-31,0.0,22.43064516129032,69.88813617436338,-69.88813617436338,0.10624995845754197
1991-02-28,0.0,25.287499999999998,110.68146001340932,-110.68146001340932,-0.22519091558289855
1991-03-31,0.4918,29.093548387096774,189.49488686015152,-189.0030868601515,-0.8615447601673016
1991-04-30,25.6198,31.2415,249.02169457091844,-223.40189457091844,-1.1410309559622331
1991-05-31,10.951500000000001,33.340161290322584,319.5394782872407,-308.5879782872407,-1.8331576910726297
1991-06-30,172.0228,28.854,183.5806550913182,-11.557855091318203,0.5801765112795054
1991-07-31,228.4577,26.00693548387097,123.25344242633396,105.20425757366603,1.5288547025733645
1991-08-31,30.6196,26.068709677419356,124.38000735802015,-93.76040735802016,-0.08770938787226848
1991-09-30,47.0505,27.253,147.485081762194,-100.434581762194,-0.14193625613987396
1991-10-31,7.1826,26.575645161290325,133.91476889797977,-126.73216889797978,-0.35560100431851444
1991-11-30,5.5068,23.4235,82.5167053907735,-77.0099053907735,0.048386435908738624
1991-12-31,0.0,21.059838709677418,54.874741567653395,-54.874741567653395,0.2282319928314875
1992-01-31,0.0,21.634032258064515,60.15772720287316,-60.15772720287316,0.18530836681392976
1992-02-29,0.0,23.649137931034485,84.98059061248665,-84.98059061248665,-0.016374427584742668
1992-03-31,0.0,29.131774193548388,190.79298746447046,-190.79298746447046,-0.8760874883617898
1992-04-30,8.6538,31.8265,268.9045413620976,-260.2507413620976,-1.4404234260644275
1992-05-31,2.7086,33.414838709677426,324.8173559988205,-322.1087559988205,-1.9430123918102822
1992-06-30,244.56969999999998,30.433833333333332,226.0591343395813,18.510565660418678,0.824478831293752
1992-07-31,78.3867,28.218548387096774,168.61962901656398,-90.23292901656397,-0.059049048517133794
1992-08-31,153.4325,25.91048387096774,121.10403075052709,32.32846924947292,0.9367476442258091
1992-09-30,103.6,26.412166666666668,130.45604897979007,-26.856048979790074,0.4558805168260702
1992-10-31,60.5039,26.518709677419356,132.50918161141055,-72.00528161141055,0.08904840516185308
1992-11-30,26.146,23.671333333333333,85.29037901521477,-59.14437901521477,0.19354169956097395
1992-12-31,0.0,20.96532258064516,53.25970250605147,-53.25970250605147,0.24135399191885865
1993-01-31,0.0,22.77225806451613,74.43416167169632,-74.43416167169632,0.06931404536080239
1993-02-28,0.8768,23.69625,86.61420403554844,-85.73740403554844,-0.02252344607156285
1993-03-31,7.0692,27.551774193548386,153.83223987087882,-146.76303987087883,-0.5183494336753369
1993-04-30,0.0,31.62933333333333,260.27759943335894,-260.27759943335894,-1.4406416446790478
1993-05-31,14.4334,33.62854838709677,328.74480803599005,-314.31140803599004,-1.8796598728001905
1993-06-30,67.09440000000001,30.8295,236.07664566032182,-168.9822456603218,-0.6988778215163026
1993-07-31,194.7836,27.16564516129032,145.77804740397698,49.00555259602302,1.0722469505004095
1993-08-31,165.2557,26.0791935483871,124.78195177428026,40.47374822571973,1.0029270610794667
1993-09-30,131.2882,26.177000000000003,126.57449141798485,4.713708582015144,0.7123810187418819
1993-10-31,163.3519,26.328548387096774,129.3894006355918,33.96249936440819,0.9500239433486612
1993-11-30,0.0,23.438666666666666,83.0812127868755,-83.0812127868755,-0.0009422100695073211
1993-12-31,33.968,20.221612903225807,47.33683955020073,-13.368839550200725,0.5654624792900075
1994-01-31,0.0,22.711774193548386,74.52409914290705,-74.52409914290705,0.06858331417094676
1994-02-28,0.0,24.603928571428572,100.64267470872265,-100.64267470872265,-0.14362698642582067
1994-03-31,0.0,29.693548387096776,203.88005322379817,-203.88005322379817,-0.9824183313941125
1994-04-30,14.64,30.404166666666665,222.81188598262537,-208.17188598262538,-1.0172889589123224
1994-05-31,7.3423,33.597580645161294,324.1859392441863,-316.84363924418625,-1.900233948308931
1994-06-30,99.5097,28.77583333333333,181.21063349798976,-81.70093349798977,0.010272393960633506
1994-07-31,92.6847,25.997258064516128,123.76676116066294,-31.08206116066293,0.4215446736263216
1994-08-31,137.5248,25.791451612903224,120.12793671529485,17.396863284705148,0.8154301327791658
1994-09-30,78.4151,26.391000000000002,130.95293892031668,-52.53783892031669,0.24721904716019927
1994-10-31,76.2311,26.085645161290323,125.35407597539424,-49.12297597539424,0.27496439989632676
1994-11-30,22.624200000000002,23.073833333333333,79.08351851191362,-56.45931851191362,0.2153574948018064
1994-12-31,0.0,20.71193548387097,52.72277919238646,-52.72277919238646,0.245716429583315
1995-01-31,72.0483,20.030322580645162,46.3131601250023,25.7351398749977,0.8831776321489584
1995-02-28,0.0,24.451071428571428,98.1616511350148,-98.1616511350148,-0.12346896681875984
1995-03-31,7.3946000000000005,27.898387096774194,161.32639478581476,-153.93179478581476,-0.5765947094014063
1995-04-30,32.3391,30.908333333333335,237.30794729725255,-204.96884729725255,-0.9912646529338729
1995-05-31,8.9417,31.324677419354842,249.5748982447362,-240.6331982447362,-1.2810332360667018
1995-06-30,132.8704,31.305333333333333,248.99485885795698,-116.124458857957,-0.26941462977583797
1995-07-31,226.0371,26.865967741935485,139.96484143092414,86.07225856907587,1.3734095003819045
1995-08-31,119.0688,27.40790322580645,150.89996440186005,-31.83116440186005,0.415458299444396
1995-09-30,85.0133,26.601333333333333,134.8420704377068,-49.82877043770681,0.26922990435963623
1995-10-31,127.83160000000001,25.657258064516128,117.68288286042906,10.148717139570948,0.7565398128092912
1995-11-30,0.4098,23.34016666666667,82.390372095812,-81.980572095812,0.008000363820521982
1995-12-31,0.0,22.48532258064516,71.58747263187088,-71.58747263187088,0.0924430531171645
1996-01-31,0.0,23.687903225806455,85.68799839358623,-85.68799839358623,-0.022122031143495376
1996-02-29,0.0,25.502586206896552,113.9979265595965,-113.9979265595965,-0.2521368093553994
1996-03-31,0.0,29.432580645161288,198.43339387351287,-198.43339387351287,-0.9381648760301449
1996-04-30,16.6956,31.15983333333333,247.3977759361316,-230.7021759361316,-1.2003448683556974
1996-05-31,7.9446,33.32,320.6069307274625,-312.6623307274625,-1.866261317030252
1996-06-30,70.9443,30.302500000000002,222.09398068836632,-151.14968068836632,-0.5539903653235174
1996-07-31,205.3016,27.15983870967742,145.42560731702446,59.87599268297555,1.1605679752308142
1996-08-31,258.5517,25.74209677419355,118.19444941434708,140.3572505856529,1.8144685636796853
1996-09-30,248.3988,26.110333333333337,124.8684222793017,123.5303777206983,1.6777522354948828
1996-10-31,106.79899999999999,24.903870967741934,103.99115757173358,2.8078424282664116,0.6968960843370529
1996-11-30,14.6606,22.991,76.34237777542789,-61.68177777542789,0.17292563831054958
1996-12-31,0.0,21.38193548387097,57.66379402440849,-57.66379402440849,0.20557127541461606
1997-01-31,8.1812,21.289516129032258,57.19244951656948,-49.01124951656948,0.2758721640028367
1997-02-28,4.5905,23.493750000000002,83.45760584486747,-78.86710584486747,0.03329690448928554
1997-03-31,32.304500000000004,28.258548387096774,169.47272953484253,-137.1682295348425,-0.4403927480035448
1997-04-30,11.4138,29.50766666666667,200.05908921600616,-188.64528921600615,-0.8586376971299023
1997-05-31,15.6068,32.186129032258066,279.19246495400944,-263.5856649540094,-1.467519281124499
1997-06-30,87.959,29.8865,210.09232877561183,-122.13332877561183,-0.31823597871422854
1997-07-31,110.7471,27.410967741935483,150.78824862753558,-40.04114862753558,0.3487531601830652
1997-08-31,130.7632,26.73709677419355,137.05673358787908,-6.293533587879068,0.622948493460072
1997-09-30,124.5394,27.017166666666665,142.6461950370228,-18.106795037022806,0.5269671579988816
1997-10-31,119.1143,26.50548387096774,132.55807373035097,-13.44377373035097,0.5648536480444218
1997-11-30,82.19030000000001,25.209333333333333,109.36558755036053,-27.175287550360522,0.45328674164671073
1997-12-31,35.7692,23.500645161290322,83.55160242928399,-47.78240242928399,0.28585639951840675
1998-01-31,3.4714,23.352741935483873,80.16991409116784,-76.69851409116784,0.05091645295067189
1998-02-28,0.0,24.539464285714285,97.41235709098467,-97.41235709098467,-0.11738104238665138
1998-03-31,19.9374,28.754354838709677,181.61509671434425,-161.67769671434425,-0.6395292355398724
1998-04-30,2.9208,32.671166666666664,299.9961378087658,-297.0753378087658,-1.7396188650197562
1998-05-31,23.9642,33.711774193548386,339.3366856830197,-315.3724856830197,-1.8882810016923566
1998-06-30,167.1511,30.534499999999998,229.97227951635085,-62.82117951635084,0.1636681355293412
1998-07-31,322.2248,27.583225806451615,154.23435685056646,167.99044314943356,2.0389849461153036
1998-08-31,235.1841,26.34790322580645,128.81824696225723,106.36585303774277,1.538292526699049
1998-09-30,274.5495,26.1105,124.31654281055496,150.23295718944507,1.8947074979092813
1998-10-31,228.9489,25.695000000000004,116.72128934074615,112.22761065925386,1.5859186058376957
1998-11-30,33.5913,23.55816666666667,82.97738367515298,-49.38608367515298,0.27282668132456045
1998-12-31,0.0,20.651129032258066,49.45051619241837,-49.45051619241837,0.2723031748330736
1999-01-31,0.0,21.231290322580644,59.555532471233796,-59.555532471233796,0.19020112693773358
1999-02-28,37.9314,25.18607142857143,111.02342358894002,-73.09202358894002,0.08021875665588744
1999-03-31,1.2784,28.851129032258065,182.2011904912073,-180.9227904912073,-0.7958933192208485
1999-04-30,0.0,32.146,270.2672914785714,-270.2672914785714,-1.521806696978387
1999-05-31,90.67530000000001,31.200161290322583,242.3826016400089,-151.7073016400089,-0.5585209688194447
1999-06-30,80.8263,27.801333333333332,159.16847947727183,-78.34217947727183,0.037561868402724796
1999-07-31,142.3695,26.445967741935487,132.65123191406516,9.718268085934824,0.7530424657647123
1999-08-31,191.4505,25.807419354838707,121.34081698832743,70.10968301167257,1.2437154843817104
1999-09-30,198.5067,25.625166666666665,118.24539546736197,80.26130453263802,1.3261961942917964
1999-10-31,160.3556,25.383709677419354,114.23320202304805,46.12239797695196,1.0488216642768833
1999-11-30,0.0,23.321666666666665,83.87398039571487,-83.87398039571487,-0.007383352012767416
1999-12-31,0.0,21.168387096774193,58.91467663282183,-58.91467663282183,0.19540800392709706
2000-01-31,1.2123,22.937903225806455,78.05817740031821,-76.84587740031822,0.049719143700290507
2000-02-29,5.4426,24.050689655172416,93.04230695218953,-87.59970695218954,-0.03765443438854779
2000-03-31,0.0,27.78532258064516,158.8726237647026,-158.8726237647026,-0.616738353535633
2000-04-30,2.9272,32.4875,283.62254431064497,-280.69534431064494,-1.6065333782078806
2000-05-31,29.908400000000004,31.339032258064517,248.19987736536933,-218.29147736536933,-1.0995094277827309
2000-06-30,183.421,27.454333333333334,151.96973986819694,31.451260131803053,0.9296204251292751
2000-07-31,205.6393,25.895967741935483,122.37264168088643,83.26665831911356,1.350614334125667
2000-08-31,443.8797,25.82741935483871,121.17621306869623,322.7034869313038,3.2960099107600893
2000-09-30,72.2685,26.464833333333335,132.6371037950447,-60.368603795044706,0.18359501974028172
2000-10-31,35.2665,26.712903225806453,137.30442221396527,-102.03792221396526,-0.15496320542246247
2000-11-30,3.8352,24.208000000000002,95.31816720005045,-91.48296720005045,-0.06920545915318295
2000-12-31,0.0,21.320806451612906,59.52901125824855,-59.52901125824855,0.1904166086191755
2001-01-31,7.6495,22.844838709677422,73.77593461751032,-66.12643461751031,0.1368133334059028
2001-02-28,0.0,25.790178571428573,118.59067015403694,-118.59067015403694,-0.28945230139990785
2001-03-31,2.0745,28.783548387096772,182.26748303535314,-180.19298303535314,-0.7899637209855115
2001-04-30,27.532400000000003,31.374166666666667,255.38884979064997,-227.85644979064998,-1.1772236840006391
2001-05-31,4.3146,33.35596774193549,324.5784222238762,-320.2638222238762,-1.9280225256908419
2001-06-30,189.6566,28.562333333333335,176.8458006004152,12.810799399584795,0.7781689125734543
2001-07-31,46.483000000000004,27.467741935483872,151.76488812307338,-105.28188812307337,-0.1813200401955843
2001-08-31,254.7706,25.899193548387096,120.5648059729051,134.2057940270949,1.7644887153487492
2001-09-30,91.4916,27.163999999999998,145.30135543724234,-53.80975543724233,0.23688487768335953
2001-10-31,194.4343,25.676612903225806,116.55982514703787,77.87447485296214,1.3068034888006044
2001-11-30,0.212,24.412333333333333,95.65791848813261,-95.4459184881326,-0.10140396408217864
2001-12-31,0.0,22.13290322580645,65.17759445364207,-65.17759445364207,0.14452254617998303
2002-01-31,24.7012,21.856129032258064,60.68788021600254,-35.98668021600254,0.3816952307873147
2002-02-28,7.0062999999999995,25.720535714285717,116.42516821094323,-109.41886821094323,-0.21493250829505928
2002-03-31,0.0,29.23741935483871,194.43558502960124,-194.43558502960124,-0.9056831576317927
2002-04-30,5.5006,32.68066666666667,303.57347558193993,-298.0728755819399,-1.7477237400413084
2002-05-31,31.3149,33.45145161290322,333.25520561957023,-301.9403056195702,-1.779146146242382
2002-06-30,129.7485,29.363333333333333,197.8081290620933,-68.05962906209328,0.12110635990870008
2002-07-31,117.5597,27.818064516129034,159.32767610642478,-41.76797610642477,0.33472289358409146
2002-08-31,200.4989,25.82741935483871,118.37333752815087,82.12556247184912,1.3413430669331852
2002-09-30,171.4136,26.649,134.17641097038512,37.23718902961488,0.9766304049630598
2002-10-31,36.2388,26.598225806451612,133.15632416107158,-96.91752416107158,-0.11336058405279521
2002-11-30,8.3147,23.707333333333334,84.02309221792139,-75.70839221792139,0.05896107467284821
2002-12-31,0.0,23.173709677419353,76.70675378675088,-76.70675378675088,0.0508495064101878
2003-01-31,0.0,23.25177419354839,76.16310922324207,-76.16310922324207,0.055266553425224726
2003-02-28,2.1296,26.376785714285717,127.83426607660014,-125.70466607660015,-0.3472526668665142
2003-03-31,8.9446,29.175,193.40707340114918,-184.46247340114917,-0.8246528192342845
2003-04-30,36.0781,32.375166666666665,296.54910415373945,-260.47100415373944,-1.44221303488543
2003-05-31,5.8199,34.09145161290323,366.625407920307,-360.805507920307,-2.257418869938629
2003-06-30,88.2801,30.848666666666666,243.1966485913606,-154.9165485913606,-0.5845957162159664
2003-07-31,267.54609999999997,27.190322580645162,144.81845692838752,122.72764307161245,1.6712301125424773
2003-08-31,216.0452,26.359516129032258,127.490905129501,88.55429487049899,1.3935757482804485
2003-09-30,134.2818,26.765666666666668,135.753114175228,-1.4713141752280023,0.6621284490638375
2003-10-31,14.4007,26.17838709677419,123.93150108603618,-109.53080108603618,-0.2158419495090443
2003-11-30,0.0,24.640833333333333,96.65598982081777,-96.65598982081777,-0.11123564883870644
2003-12-31,0.0,22.115,61.993601853595344,-61.993601853595344,0.17039210499459673
2004-01-31,7.4972,22.57451612903226,71.12700253925121,-63.62980253925121,0.15709817024441405
2004-02-29,7.1326,24.772758620689654,101.88619706070385,-94.75359706070385,-0.09577893534146406
2004-03-31,4.6924,29.938225806451616,211.9495832379639,-207.25718323796391,-1.0098571085837253
2004-04-30,10.5467,32.3795,287.0130780717979,-276.4663780717979,-1.5721735336406342
2004-05-31,52.888,31.618548387096777,261.7919123634865,-208.9039123634865,-1.0232365856477796
2004-06-30,236.3677,29.301499999999997,195.04004516193015,41.32765483806986,1.0098649501091257
2004-07-31,250.7756,27.300161290322578,148.3518449148065,102.4237550851935,1.5062634526255274
2004-08-31,51.3998,25.89,120.83972524841349,-69.43992524841349,0.10989161858892642
2004-09-30,215.7784,26.453166666666668,131.32726707396654,84.45113292603347,1.3602380485487728
2004-10-31,76.9141,25.509516129032257,114.11472151729721,-37.20062151729721,0.3718321029989931
2004-11-30,53.7128,24.189833333333336,92.92199240829463,-39.209192408294626,0.35551270489573866
2004-12-31,0.0,21.921290322580642,63.49119191484238,-63.49119191484238,0.1582243649787931
2005-01-31,32.2696,23.083225806451615,78.4156970577917,-46.14609705779171,0.2991511848284815
2005-02-28,1.1048,25.144642857142856,108.60909742880312,-107.50429742880313,-0.1993768498263218
2005-03-31,27.537,28.43983870967742,173.58981186973452,-146.0528118697345,-0.5125789161662452
2005-04-30,54.497299999999996,31.08833333333333,243.65800621535104,-189.16070621535104,-0.862825398564387
2005-05-31,1.5252999999999999,33.115645161290324,309.9246182348625,-308.3993182348625,-1.8316248507259238
2005-06-30,37.290400000000005,31.00583333333333,241.20490574464907,-203.91450574464906,-0.9826982540027426
2005-07-31,282.7176,26.739516129032257,137.26837206966118,145.44922793033882,1.8558402701965597
2005-08-31,119.04390000000001,25.973225806451612,122.88090755578216,-3.837007555782151,0.6429074734734138
2005-09-30,185.4892,26.1555,126.19722779844413,59.29197220155588,1.1558228787149483
2005-10-31,129.9741,25.394516129032258,112.77674063177679,17.197359368223204,0.813809187334412
2005-11-30,0.0,22.262666666666668,68.31937548345246,-68.31937548345246,0.1189959513216518
2005-12-31,0.0,21.21661290322581,56.87906247090406,-56.87906247090406,0.2119471253700362
2006-01-31,0.0,21.825161290322583,63.79286524299171,-63.79286524299171,0.1557733052918941
2006-02-28,0.0,25.196428571428573,109.78062373273866,-109.78062373273866,-0.21787172861468593
2006-03-31,42.1535,27.105,144.66597747834174,-102.51247747834174,-0.1588189101506681
2006-04-30,0.0,31.438666666666666,253.39838213496986,-253.39838213496986,-1.384748827435511
2006-05-31,23.953,32.233548387096775,278.4746743920321,-254.5216743920321,-1.3938754425883368
2006-06-30,139.4673,29.011000000000003,187.0267164477782,-47.559416447778204,0.28766813393114177
2006-07-31,98.7802,26.543225806451613,133.65699892341897,-34.876798923418974,0.39071288345877775
2006-08-31,272.5709,25.692258064516132,118.17084340346379,154.40005659653622,1.9285646818727442
2006-09-30,243.0661,26.736333333333334,137.3691603265388,105.6969396734612,1.5328576856699243
2006-10-31,88.0552,26.18596774193548,126.9844996012207,-38.929299601220706,0.3577868004555964
2006-11-30,0.0,24.470000000000002,98.29029127916418,-98.29029127916418,-0.12451415259429967
2006-12-31,0.0,22.61016129032258,72.90692622027427,-72.90692622027427,0.08172265062381269
2007-01-31,0.0,22.575645161290325,72.02231511199689,-72.02231511199689,0.0889100100081613
2007-02-28,0.0,24.40642857142857,96.93533410700641,-96.93533410700641,-0.11350528773201839
2007-03-31,0.0,28.283709677419356,169.99307679380547,-169.99307679380547,-0.7070907034994186
2007-04-30,0.0,31.475,255.45679999762285,-255.45679999762285,-1.4014732262177734
2007-05-31,0.0,32.915,302.9246156153022,-302.9246156153022,-1.7871435471553196
2007-06-30,318.1297,28.994666666666667,186.85617626017518,131.27352373982484,1.7406643701992777
2007-07-31,91.9531,27.13725806451613,145.20037096069868,-53.24727096069867,0.24145499673704068
2007-08-31,113.9756,26.38209677419355,130.39844669213022,-16.42284669213022,0.5406490367659148
2007-09-30,308.7903,26.208000000000002,127.15037104110534,181.63992895889464,2.1498853847444344
2007-10-31,0.8863,25.58516129032258,116.01699385547052,-115.13069385547051,-0.2613404080645967
2007-11-30,0.0,23.302333333333333,81.26189013248352,-81.26189013248352,0.013839568760588509
2007-12-31,0.0,22.697580645161292,73.51563201203567,-73.51563201203567,0.07677698891576214
2008-01-31,0.0,22.432741935483868,69.52179229435112,-69.52179229435112,0.10922645863854491
2008-02-29,0.0,24.284137931034483,94.42403248635699,-94.42403248635699,-0.0931012626172391
2008-03-31,85.0949,27.97967741935484,163.15069314771353,-78.05579314771353,0.03988872305562222
2008-04-30,3.2868,30.961333333333336,241.19479482539413,-237.90799482539413,-1.2588912844373474
2008-05-31,22.3595,32.831935483870964,302.49952916086727,-280.14002916086724,-1.6020215090761467
2008-06-30,56.529900000000005,29.37933333333333,196.98422556976206,-140.45432556976206,-0.46709188500674403
2008-07-31,113.3261,27.831935483870968,159.84983241194436,-46.523732411944366,0.29608294277145336
2008-08-31,182.8363,26.267258064516128,127.84964957132507,54.98665042867492,1.1208426545719188
2008-09-30,280.95160000000004,26.015833333333333,123.18949309190421,157.76210690809583,1.9558809382834237
2008-10-31,32.8246,26.095483870967744,124.65195567707843,-91.82735567707843,-0.07200357431256484
2008-11-30,0.4675,24.475666666666665,97.33172316750044,-96.86422316750044,-0.11292751985910149
2008-12-31,0.0,23.239354838709676,79.68007005648492,-79.68007005648492,0.026691667565586285
2009-01-31,1.4695,23.66,81.39260499878527,-79.92310499878528,0.024717037745858376
2009-02-28,0.0,26.833214285714288,136.95025289505887,-136.95025289505887,-0.4386217138927833
2009-03-31,0.0,29.205161290322582,194.38137845556417,-194.38137845556417,-0.9052427357051934
2009-04-30,0.6464,32.5765,305.3588529433611,-304.7124529433611,-1.8016695114771284
2009-05-31,15.0977,33.24193548387097,331.9848956618192,-316.88719566181925,-1.9005878389893598
2009-06-30,97.9013,30.804166666666667,242.3067045056894,-144.40540450568938,-0.49919392849536676
2009-07-31,90.8347,27.04822580645161,141.54450698293329,-50.70980698293329,0.2620715878722719
2009-08-31,174.7967,27.198064516129033,144.81459726720996,29.982102732790025,0.9176836970912972
2009-09-30,149.1456,27.416,149.67268596280377,-0.527085962803767,0.6698001902843943
2009-10-31,97.0501,25.877741935483872,117.8857308318216,-20.835630831821604,0.504795693753665
2009-11-30,14.6756,24.075499999999998,87.46683130582855,-72.79123130582855,0.08266265795729753
2009-12-31,0.0,22.404516129032256,64.96594660291419,-64.96594660291419,0.146242159637097
2010-01-31,1.2677,22.014193548387098,61.34474384694373,-60.07704384694373,0.18596390942465887
2010-02-28,6.3217,25.793928571428573,116.98504727525233,-110.66334727525233,-0.22504375175310856
2010-03-31,0.8767,29.848870967741938,212.06358643042543,-211.18688643042543,-1.041785476714941
2010-04-30,0.0,33.30866666666667,331.51968351381873,-331.51968351381873,-2.0194750515682665
2010-05-31,5.8233,34.223225806451616,370.1987328736461,-364.3754328736461,-2.286424082935295
2010-06-30,93.3042,30.485500000000002,231.10335233966921,-137.7991523396692,-0.44551892028381507
2010-07-31,346.1699,26.91564516129032,139.13875727547847,207.03114272452152,2.35618595776545
2010-08-31,290.8966,26.423870967741934,129.06897719785763,161.82762280214234,1.9889127683609304
2010-09-30,213.6835,26.427166666666665,129.1345736149244,84.54892638507562,1.3610326086995526
2010-10-31,97.7251,26.28241935483871,126.27718918796137,-28.55208918796137,0.4421003931170537
2010-11-30,21.3502,25.032,103.53295470889562,-82.18275470889562,0.006357654286466444
2010-12-31,0.0,21.282096774193548,53.448627098702815,-53.448627098702815,0.23981900221409325
2011-01-31,0.0,21.414193548387097,58.526131124079,-58.526131124079,0.1985648896844412
2011-02-28,0.9426,24.516428571428573,98.30797603125923,-97.36537603125923,-0.11699932689908325
2011-03-31,0.0,28.449032258064516,173.88899454014097,-173.88899454014097,-0.7387445689243082
2011-04-30,0.9776,30.766166666666667,234.76511533518297,-233.78751533518297,-1.2254128817190553
2011-05-31,0.2792,32.83516129032258,301.2938598438586,-301.0146598438586,-1.7716253850961663
2011-06-30,40.570100000000004,29.240166666666667,193.16926828636687,-152.59916828636688,-0.5657672785823542
2011-07-31,283.4008,26.98032258064516,141.9134715625783,141.4873284374217,1.8236503109774005
2011-08-31,229.1897,26.384516129032257,130.2705836241697,98.9191163758303,1.477788682547697
2011-09-30,63.439499999999995,26.590333333333334,134.20943847100884,-70.76993847100884,0.09908542033154369
2011-10-31,19.1888,26.660967741935483,135.58128237307415,-116.39248237307415,-0.27159228875906577
2011-11-30,0.0,24.237000000000002,94.08151416179099,-94.08151416179099,-0.0903183422227906
2011-12-31,0.0,22.70225806451613,73.21421324676994,-73.21421324676994,0.07922598030969799
2012-01-31,0.0,22.575000000000003,69.24119841201288,-69.24119841201288,0.11150625035102041
2012-02-29,0.0,25.351724137931036,110.01055337186835,-110.01055337186835,-0.21973987941459708
2012-03-31,0.0,28.300806451612903,170.67640177033306,-170.67640177033306,-0.7126426371532579
2012-04-30,0.0,32.113166666666665,282.632051265831,-282.632051265831,-1.6222688904333558
2012-05-31,0.0,33.50322580645161,334.7120032307562,-334.7120032307562,-2.0454122672110264
2012-06-30,101.6676,30.56566666666667,232.06818857739395,-130.40058857739396,-0.385406475176675
2012-07-31,177.7159,27.23774193548387,146.49098249090758,31.22491750909242,0.9277814184084742
2012-08-31,150.2749,26.706129032258065,135.40870476717862,14.866195232821383,0.7948687577283852
2012-09-30,142.1587,26.441333333333333,130.12921260522006,12.029487394779949,0.7718208460419662
2012-10-31,105.9845,25.628064516129033,114.87502049714544,-8.890520497145445,0.6018482856301096
2012-11-30,0.0,23.979,88.093563572787,-88.093563572787,-0.041666960326059425
2012-12-31,0.0,23.45258064516129,80.62475635105744,-80.62475635105744,0.019016204482398016
2013-01-31,3.4478,23.65096774193548,85.17772843260725,-81.72992843260725,0.010036813586985044
2013-02-28,14.132100000000001,25.505357142857143,114.04973586984742,-99.91763586984743,-0.13773613263272877
2013-03-31,1.8367,28.949677419354842,186.13331741614815,-184.29661741614814,-0.823305259205823
2013-04-30,16.636,31.940833333333334,272.24039140991744,-255.60439140991744,-1.4026723887789017
2013-05-31,10.266300000000001,34.26225806451613,357.0898351770994,-346.8235351770994,-2.1438170147649
2013-06-30,114.4782,27.925166666666666,161.92513726240753,-47.44693726240753,0.2885820138507508
2013-07-31,305.4098,25.445,113.00960872812028,192.40019127187975,2.237311228247448
2013-08-31,142.3884,25.77532258064516,118.7891245323839,23.599275467616096,0.8658239894595917
2013-09-30,104.2534,26.783,137.77840426612167,-33.52500426612167,0.4016960532663081
2013-10-31,79.778,26.294838709677418,128.31848283311177,-48.54048283311177,0.27969708696449536
2013-11-30,6.9171,23.537333333333333,83.60605266918499,-76.68895266918499,0.05099413835996998
2013-12-31,43.4771,21.634032258064515,60.343553214120234,-16.866453214120234,0.5370447868656487
2014-01-31,0.0,22.878966129032257,73.76897147191767,-73.76897147191767,0.07471863612392975
2014-02-28,12.1253,24.08671964285714,90.35764843120505,-78.23234843120505,0.038454232507419396
2014-03-31,69.392,27.231995161290325,146.59965989702013,-77.20765989702014,0.04677970421277701
2014-04-30,16.8113,31.63325166666667,264.6553101782275,-247.84401017822753,-1.3396202200351426
2014-05-31,10.0921,32.60263387096774,298.1045268974847,-288.01242689748466,-1.6659837985162878
2014-06-30,29.0787,31.403241666666666,257.1484450792973,-228.0697450792973,-1.1789566826936828
2014-07-31,146.0719,27.488487096774193,152.120003627808,-6.04810362780799,0.624942582512551
2014-08-31,210.622,27.114583870967742,144.12319729250999,66.49880270749003,1.214377514060985
2014-09-30,35.4645,26.56833333333333,133.00970236110066,-97.54520236110066,-0.11846039430739971
2014-10-31,31.228299999999997,27.02631129032258,142.2819994260418,-111.05369942604182,-0.22821531626086253
2014-11-30,51.4219,24.516205,96.87899343998087,-45.45709343998087,0.30474925676312653
2014-12-31,3.1780999999999997,21.712832258064516,60.01910348379079,-56.84100348379079,0.21225635008542557
2015-01-31,3.7948999999999997,21.953632258064516,59.188166947866854,-55.393266947866856,0.22401903617445723
2015-02-28,0.0,25.30710892857143,107.06382496090042,-107.06382496090042,-0.1957980637404308
2015-03-31,19.7225,27.726064516129032,156.65520603713094,-136.93270603713094,-0.4384791477721298
2015-04-30,46.9168,30.472616666666667,232.2647934309971,-185.3479934309971,-0.8318475634976138
2015-05-31,8.1516,33.878851612903226,361.2921870515682,-353.1405870515682,-2.195142305219136
2015-06-30,77.0033,29.651391666666665,207.25921539976198,-130.255915399762,-0.38423102292292527
2015-07-31,28.3744,29.092404838709676,191.44814089303551,-163.0737408930355,-0.6508719274129384
2015-08-31,92.6482,27.53678548387097,152.244168954838,-59.595968954837986,0.18987258534789464
2015-09-30,164.7532,27.547193333333333,152.48423504899066,12.268964951009337,0.7737665725256161
2015-10-31,29.3745,27.95060806451613,162.01329781191052,-132.6387978119105,-0.40359165733786706
2015-11-30,12.1805,25.946796666666668,118.80781796578563,-106.62731796578564,-0.19225149664635324
2015-12-31,0.0,24.577943548387097,94.77697742924491,-94.77697742924491,-0.09596889803769372
2016-01-31,0.0,23.52551612903226,80.45595479940819,-80.45595479940819,0.02038769688735031
2016-02-29,5.2636,27.459899999999998,150.97954777149084,-145.71594777149085,-0.5098419356839669
2016-03-31,14.706800000000001,30.303317741935484,225.47110484113853,-210.76430484113854,-1.03835205187662
2016-04-30,16.0821,33.98247166666667,359.45793072671967,-343.37583072671964,-2.1158048287274083
2016-05-31,4.6186,33.74398387096774,349.30004456990696,-344.68144456990694,-2.1264127849472225
2016-06-30,151.0326,29.450703333333333,200.7435637018892,-49.7109637018892,0.27018706998902453
2016-07-31,288.6245,26.429740322580646,129.21907704284033,159.4054229571597,1.9692326845097283
2016-08-31,106.01859999999999,26.648493548387098,133.6279574771179,-27.609357477117896,0.44975997544136836
2016-09-30,440.0243,25.776668333333337,116.70739866399965,323.31690133600034,3.3009938293847103
2016-10-31,143.7428,25.450606451612902,110.81413978710685,32.928660212893135,0.9416241239726437
2016-11-30,0.0,23.069925,74.30008294065338,-74.30008294065338,0.07040341900396131
2016-12-31,0.274,22.179259677419356,63.2981222593933,-63.0241222593933,0.16201925003034254
2017-01-31,0.0,22.418983870967743,67.30461476000566,-67.30461476000566,0.12724076075292423
2017-02-28,0.0,25.7321125,116.71573124355108,-116.71573124355108,-0.27421864714521205
2017-03-31,12.8766,28.652162903225804,179.30053456360892,-166.42393456360892,-0.6780918500346097
2017-04-30,0.0,32.60053666666667,300.27544262280685,-300.27544262280685,-1.7656193336447612
2017-05-31,0.0,34.03804838709677,356.7539170560799,-356.7539170560799,-2.224500179061855
2017-06-30,217.8974,28.942028333333333,186.65600985738325,31.24139014261675,0.9279152565844118
2017-07-31,108.5401,27.199551612903225,145.6573353455716,-37.1172353455716,0.37250960566459274
2017-08-31,277.24309999999997,26.549059677419354,132.23427592647414,145.00882407352583,1.852262041567561
2017-09-30,163.22310000000002,26.92026333333333,139.774861100986,23.44823889901403,0.8645968354157816
2017-10-31,71.0078,26.372212903225805,128.7510860407616,-57.7432860407616,0.2049254122953648
2017-11-30,4.4955,23.939343333333333,87.47053564818862,-82.97503564818862,-7.953352497415329e-05
2017-12-31,0.2465,22.480153225806454,68.04108407350087,-67.79458407350087,0.12325981872038491
2018-01-31,0.0,22.417653225806454,68.21587044328587,-68.21587044328587,0.1198369173855049
2018-02-28,8.926499999999999,24.720053571428572,100.21095403889953,-91.28445403889953,-0.06759256347691993
2018-03-31,0.9104,28.994451612903227,187.6711645481898,-186.7607645481898,-0.8433261597441214
2018-04-30,16.8948,32.00594666666667,276.8364086081047,-259.94160860810473,-1.4379117594352953
2018-05-31,2.1862,33.90427741935484,347.26736715540585,-345.08116715540586,-2.1296604831155355
2018-06-30,237.4432,29.115853333333334,190.7814157785327,46.661784221467286,1.0532041129597347
2018-07-31,92.1428,26.335103225806453,128.54062428416367,-36.397824284163676,0.3783547344392962
2018-08-31,166.5694,25.820774193548385,118.94431372379304,47.62508627620696,1.0610308268663435
2018-09-30,24.4616,26.693898333333333,135.56879819366256,-111.10719819366255,-0.22864998734503958
2018-10-31,8.3559,26.837811290322584,138.4668231233844,-130.1109231233844,-0.38305297803005717
2018-11-30,19.341,25.079185,106.06133425585152,-86.72033425585153,-0.03050963647427258
2018-12-31,0.0,21.995024193548385,63.2949579600378,-63.2949579600378,0.1598187423762679
2019-01-31,0.1126,21.369059677419354,55.51832513581082,-55.40572513581082,0.22391781488841053
2019-02-28,0.0,25.099769642857144,105.63279202805529,-105.63279202805529,-0.18417109242732446
2019-03-31,0.2098,28.94055322580645,186.6346937009523,-186.4248937009523,-0.8405972493073959
2019-04-30,11.8919,32.82986666666667,308.96158968777956,-297.06968968777954,-1.7395729747127107
2019-05-31,0.4736,34.28538064516129,367.465667316898,-366.99206731689804,-2.30768392462747
2019-06-30,65.73010000000001,30.975111666666667,244.87403878396984,-179.14393878396982,-0.7814403619928131
2019-07-31,61.947900000000004,27.219893548387095,146.07549709074735,-84.12759709074734,-0.009443957307017888
2019-08-31,131.9586,26.286837096774192,127.06411844365606,4.8944815563439334,0.7138497775233635
2019-09-30,171.72729999999999,25.889778333333332,119.56373216053431,52.16356783946567,1.0979054464015894
2019-10-31,241.2454,25.535759677419357,113.16085730139854,128.08454269860147,1.714754280897121
2019-11-30,18.4268,24.29668666666667,92.75629039201723,-74.32949039201723,0.0701644869811187
2019-12-31,5.0572,22.949696774193548,73.84565653398954,-68.78845653398955,0.11518472392573643
2020-01-31,5.0024,22.786120967741933,74.01439955959462,-69.01199955959463,0.11336846359636177
2020-02-29,2.1137,24.711856896551726,101.14713822298067,-99.03343822298068,-0.13055213257285841
2020-03-31,4.4367,27.859937096774193,160.4781182921833,-156.0414182921833,-0.5937351479105571
2020-04-30,12.95,31.859698333333334,268.96396557089656,-256.0139655708966,-1.4060001298189535
2020-05-31,6.6181,33.58692096774193,329.5776051941278,-322.95950519412776,-1.9499246272043478
2020-06-30,257.5523,28.448156666666666,173.9186942014322,83.6336057985678,1.3535957384798973
2020-07-31,208.8429,27.146504838709678,145.2266922295673,63.61620777043268,1.1909567751868375
2020-08-31,124.7132,25.86483387096774,120.55645827517216,4.156741724827839,0.7078557296851214
2020-09-30,262.5821,26.726673333333334,136.7694367574626,125.81266324253741,1.6962955322155135
2020-10-31,112.78649999999999,26.212632258064517,126.91742642969885,-14.13092642969886,0.55927061460077
2020-11-30,0.0,23.807306666666666,87.62143510364017,-87.62143510364017,-0.03783097301865537
2020-12-31,0.0,22.23142258064516,67.31539031626603,-67.31539031626603,0.12715321064792912
2021-01-31,1.6804,24.015059677419355,91.84913740566988,-90.16873740566987,-0.058527499361081946
2021-02-28,8.1072,23.901451785714283,90.22693835675437,-82.11973835675437,0.006869654605806531
2021-03-31,0.6403,28.454832258064517,173.74977061887608,-173.1094706188761,-0.732411030357584
2021-04-30,0.3876,30.96961333333333,238.85634200307643,-238.46874200307644,-1.2634472881457006
2021-05-31,1.8351000000000002,31.2319,246.54734872652668,-244.71224872652667,-1.3141750330498065
2021-06-30,111.2478,27.895809999999997,161.2659600755277,-50.01816007552769,0.2676911362185251
2021-07-31,253.0586,26.715372580645163,137.0815178476843,115.97708215231572,1.6163826129814491
2021-08-31,187.3401,26.431,131.6781756064112,55.661924393588805,1.1263291747199435
2021-09-30,343.6949,25.842658333333336,120.99727550370712,222.69762449629292,2.4834742471939384
2021-10-31,93.9001,26.011580645161292,123.99627136578214,-30.09617136578214,0.4295549102182728
2021-11-30,24.953,24.766948333333335,103.13075447790109,-78.17775447790109,0.03889780184420066
2021-12-31,21.7181,22.3209,69.77197462088753,-48.053874620887534,0.28365072045146517
